community link,community title,jupiter id,hydra noid,fedora3 uuid,Scholaris Link
https://era.library.ualberta.ca/communities/008c38a3-3045-42cd-85f2-8b493e6eae72,Master of Science in Internetworking (MINT),008c38a3-3045-42cd-85f2-8b493e6eae72,,,https://ualberta-dev.scholaris.ca/handle/123456789/1224
https://era.library.ualberta.ca/communities/017b5983-6bca-47d1-9760-0435ed3aedd8,"Anthropology, Department of",017b5983-6bca-47d1-9760-0435ed3aedd8,44558r023,uuid:214a9997-c93c-4526-ae61-9755a63a5724,https://ualberta-dev.scholaris.ca/handle/123456789/1226
https://era.library.ualberta.ca/communities/030b6ded-6a51-49fa-97ef-2691fa4a18d7,"Pharmacy and Pharmaceutical Sciences, Faculty of",030b6ded-6a51-49fa-97ef-2691fa4a18d7,44558r29h,uuid:36311147-ee8f-4d3f-969f-17b1f21fb206,https://ualberta-dev.scholaris.ca/handle/123456789/1230
https://era.library.ualberta.ca/communities/0318edfd-ac41-4d52-9f71-ce7c2feddd0f,Library Publishing,0318edfd-ac41-4d52-9f71-ce7c2feddd0f,,,https://ualberta-dev.scholaris.ca/handle/123456789/1233
https://era.library.ualberta.ca/communities/075e0181-5bec-47a9-a2ec-dcdf241fca3a,Forum for Information Professionals,075e0181-5bec-47a9-a2ec-dcdf241fca3a,44558r839,uuid:1dff5937-a540-44de-a57a-e6b468e40a65,https://ualberta-dev.scholaris.ca/handle/123456789/1235
https://era.library.ualberta.ca/communities/08bc1fb2-d59a-4465-84ad-2943e5d4079a,"Psychology, Department of",08bc1fb2-d59a-4465-84ad-2943e5d4079a,44558r78f,uuid:009d9a45-8240-498c-a6d6-fc8ff4c48510,https://ualberta-dev.scholaris.ca/handle/123456789/1243
https://era.library.ualberta.ca/communities/0ad32649-bdb3-42b6-8bfa-57ce39af9bcc,"East Asian Studies, Department of",0ad32649-bdb3-42b6-8bfa-57ce39af9bcc,b7s75dc57q,,https://ualberta-dev.scholaris.ca/handle/123456789/1246
https://era.library.ualberta.ca/communities/0d72326f-ef12-4171-94b5-e5054038f782,Canadian Centre for Isotopic Microanalysis (CCIM),0d72326f-ef12-4171-94b5-e5054038f782,44558r219,uuid:2715e562-29e7-4a70-91bd-6b31c009d6dc,https://ualberta-dev.scholaris.ca/handle/123456789/1252
https://era.library.ualberta.ca/communities/0e68287e-0046-462c-8866-d75dbf31a35b,Northern Alberta Health Libraries Association (NAHLA),0e68287e-0046-462c-8866-d75dbf31a35b,d791sj90d,,https://ualberta-dev.scholaris.ca/handle/123456789/1254
https://era.library.ualberta.ca/communities/0f0b9852-2bf2-47e5-9784-37a0831aca10,Student Conduct and Accountability,0f0b9852-2bf2-47e5-9784-37a0831aca10,,,https://ualberta-dev.scholaris.ca/handle/123456789/1256
https://era.library.ualberta.ca/communities/1803455f-53e5-40c6-981e-14ca6cd79698,"Ophthalmology, Department of",1803455f-53e5-40c6-981e-14ca6cd79698,44558r47f,uuid:42954c75-08be-4b9b-a16e-ace36a347558,https://ualberta-dev.scholaris.ca/handle/123456789/1259
https://era.library.ualberta.ca/communities/191059ea-fff4-49ca-a2ec-19acae556a85,"Philosophy, Department of",191059ea-fff4-49ca-a2ec-19acae556a85,gf06g532x,,https://ualberta-dev.scholaris.ca/handle/123456789/1261
https://era.library.ualberta.ca/communities/1adf4049-3f9f-4bd9-a8fd-d20668748c3c,"Human Ecology, Department of",1adf4049-3f9f-4bd9-a8fd-d20668748c3c,b4x51hj199,,https://ualberta-dev.scholaris.ca/handle/123456789/1265
https://era.library.ualberta.ca/communities/1b6122e9-8aa0-48b3-a2f7-563d1a344d73,Digital Communities Broadband Portal,1b6122e9-8aa0-48b3-a2f7-563d1a344d73,cf95jf124,,https://ualberta-dev.scholaris.ca/handle/123456789/1270
https://era.library.ualberta.ca/communities/1c89a0be-98d2-4f84-86b3-d4eda236b24d,"Law, Faculty of",1c89a0be-98d2-4f84-86b3-d4eda236b24d,b2773z60x,,https://ualberta-dev.scholaris.ca/handle/123456789/1272
https://era.library.ualberta.ca/communities/1ce249e5-ba98-41aa-9d5d-dd7ccad3dbb2,"English and Film Studies, Department of",1ce249e5-ba98-41aa-9d5d-dd7ccad3dbb2,44558r58z,uuid:51ac4441-253a-448b-aa75-1a1113bf93bf,https://ualberta-dev.scholaris.ca/handle/123456789/1276
https://era.library.ualberta.ca/communities/1d5baecc-8565-4a49-89f5-5fc8e783bfbc,University of Saskatchewan,1d5baecc-8565-4a49-89f5-5fc8e783bfbc,44558r23v,uuid:7ef9ce1b-c745-4133-8b26-fd1412f06d53,https://ualberta-dev.scholaris.ca/handle/123456789/1280
https://era.library.ualberta.ca/communities/1e7ade98-eba9-4ae4-90bc-80230fbb3c04,University of Alberta Libraries – Free Access Resources,1e7ade98-eba9-4ae4-90bc-80230fbb3c04,44558r155,uuid:e4b40469-8b16-4e71-aad3-64e07548fe82,https://ualberta-dev.scholaris.ca/handle/123456789/1282
https://era.library.ualberta.ca/communities/1e9325ef-b104-4226-b1f6-26444984afe3,St. Stephen's College,1e9325ef-b104-4226-b1f6-26444984afe3,xg94hs495,uuid:a35177dc-ae05-4bb3-a9f9-15e7eb9a91d6,https://ualberta-dev.scholaris.ca/handle/123456789/1292
https://era.library.ualberta.ca/communities/1fce2156-a207-4dde-a269-86e245d74311,Health Research Data Symposium (2014),1fce2156-a207-4dde-a269-86e245d74311,44558r44m,uuid:d52bb937-8bf2-48ac-8a6f-c25a7bae8dcd,https://ualberta-dev.scholaris.ca/handle/123456789/1296
https://era.library.ualberta.ca/communities/2259216e-2ca8-4a35-9d87-80e37bf5ecc3,"Secondary Education, Department of",2259216e-2ca8-4a35-9d87-80e37bf5ecc3,44558r244,uuid:c5cc2822-f4c0-4472-a5c8-73c9ad36cc7e,https://ualberta-dev.scholaris.ca/handle/123456789/1298
https://era.library.ualberta.ca/communities/22f14b64-4cbf-43da-9f10-49b70ed756b3,"Oncology, Department of",22f14b64-4cbf-43da-9f10-49b70ed756b3,44558r26p,uuid:5c2903b3-6cee-4ad9-9d94-66ff943861c2,https://ualberta-dev.scholaris.ca/handle/123456789/1304
https://era.library.ualberta.ca/communities/2404d267-4f82-49ae-88a2-5b52f2be531d,Alberta Centre for Reclamation and Restoration Ecology (ACRRE),2404d267-4f82-49ae-88a2-5b52f2be531d,44558r32t,uuid:d6475fed-df36-45ac-acfa-3c245aa7121d,https://ualberta-dev.scholaris.ca/handle/123456789/1308
https://era.library.ualberta.ca/communities/25dcca43-c1b7-44ef-b704-f19db95881fa,CANHelp Working Group,25dcca43-c1b7-44ef-b704-f19db95881fa,44558r36x,uuid:894f0eda-54e9-4b3a-8f24-e23da0e6fd1a,https://ualberta-dev.scholaris.ca/handle/123456789/1312
https://era.library.ualberta.ca/communities/26530ba8-519b-4b4e-aa55-83df907b3086,Alberta Centre for Active Living,26530ba8-519b-4b4e-aa55-83df907b3086,44558r80g,uuid:5a28b6c7-ed29-4eca-9073-64bc17efda2b,https://ualberta-dev.scholaris.ca/handle/123456789/1316
https://era.library.ualberta.ca/communities/27626edf-6c45-4350-ada7-b594a7c20905,Energy Efficiency Alberta,27626edf-6c45-4350-ada7-b594a7c20905,,,https://ualberta-dev.scholaris.ca/handle/123456789/1322
https://era.library.ualberta.ca/communities/2850388f-8548-46a2-b87a-29130a2ff967,Visual Arts Student Association,2850388f-8548-46a2-b87a-29130a2ff967,44558q98q,uuid:3cbd24e9-c790-4a70-8f39-c5981b3d2d63,https://ualberta-dev.scholaris.ca/handle/123456789/1326
https://era.library.ualberta.ca/communities/2936867e-126a-45f1-bba9-512991b044ae,Baikal Archaeology Project,2936867e-126a-45f1-bba9-512991b044ae,,,https://ualberta-dev.scholaris.ca/handle/123456789/1328
https://era.library.ualberta.ca/communities/2c5be215-7943-434e-b96e-4390bc16b00a,"Sociology, Department of",2c5be215-7943-434e-b96e-4390bc16b00a,x059c998t,,https://ualberta-dev.scholaris.ca/handle/123456789/1330
https://era.library.ualberta.ca/communities/2fae2de4-8a03-4056-a3c5-155a11683dc1,Art/Research International,2fae2de4-8a03-4056-a3c5-155a11683dc1,44558r57p,uuid:7d9861af-5bc7-495c-aec6-ae23d2aefb15,https://ualberta-dev.scholaris.ca/handle/123456789/1336
https://era.library.ualberta.ca/communities/30ae3d88-e1d1-49d8-9e8d-897bdcf202ee,"Agricultural, Food and Nutritional Science, Department of",30ae3d88-e1d1-49d8-9e8d-897bdcf202ee,1z40kw647,,https://ualberta-dev.scholaris.ca/handle/123456789/1338
https://era.library.ualberta.ca/communities/31e5f212-5737-451d-95c1-4579ad0b8630,"Medical Microbiology and Immunology, Department of",31e5f212-5737-451d-95c1-4579ad0b8630,44558r48q,uuid:a8279f3d-07a3-4fff-8e6d-429b4a3c8083,https://ualberta-dev.scholaris.ca/handle/123456789/1341
https://era.library.ualberta.ca/communities/33f9a8fe-e2e6-4df1-9b92-0721dc1c0755,"Institute for Space Science, Exploration and Technology (ISSET)",33f9a8fe-e2e6-4df1-9b92-0721dc1c0755,,,https://ualberta-dev.scholaris.ca/handle/123456789/1344
https://era.library.ualberta.ca/communities/34de6895-e488-440b-b05c-75efe26c4971,Canadian Rail Research Laboratory (CaRRL),34de6895-e488-440b-b05c-75efe26c4971,,,https://ualberta-dev.scholaris.ca/handle/123456789/1346
https://era.library.ualberta.ca/communities/35c65900-ebfa-4c9e-a4a8-8ca7a1d02100,NEOS Library Consortium,35c65900-ebfa-4c9e-a4a8-8ca7a1d02100,,,https://ualberta-dev.scholaris.ca/handle/123456789/1349
https://era.library.ualberta.ca/communities/360837d2-e7f0-4646-827c-9ef5c80cb80d,"Music, Department of",360837d2-e7f0-4646-827c-9ef5c80cb80d,44558r31j,uuid:6685fdc7-4958-454b-a8ff-649c0a3c14d4,https://ualberta-dev.scholaris.ca/handle/123456789/1351
https://era.library.ualberta.ca/communities/38966b26-7365-473d-bab2-1cbc077ef099,"Engineering, Faculty of",38966b26-7365-473d-bab2-1cbc077ef099,44558r22k,uuid:14173549-f7b9-4fb2-aadf-d7ea074a89a7,https://ualberta-dev.scholaris.ca/handle/123456789/1355
https://era.library.ualberta.ca/communities/3a996e76-d2a0-4c13-b50b-c9cb89cbfc71,Institute for Sexual Minority Studies and Services (iSMSS),3a996e76-d2a0-4c13-b50b-c9cb89cbfc71,vh53wz11m,uuid:05e83576-aa64-4c81-8704-b9e85425376b,https://ualberta-dev.scholaris.ca/handle/123456789/1359
https://era.library.ualberta.ca/communities/3bfcccd1-843e-4724-bb78-59daf7001018,"Drama, Department of",3bfcccd1-843e-4724-bb78-59daf7001018,j67316553,,https://ualberta-dev.scholaris.ca/handle/123456789/1362
https://era.library.ualberta.ca/communities/3e108250-0ec8-49ba-a43f-4ebd6a3f8b00,"Education, Faculty of",3e108250-0ec8-49ba-a43f-4ebd6a3f8b00,44558r56d,uuid:70e270c5-eeae-4624-b9e1-b3f22f930ffa,https://ualberta-dev.scholaris.ca/handle/123456789/1365
https://era.library.ualberta.ca/communities/4149630b-f75f-45db-9f91-57cc969b9bec,Community Service-Learning (CSL),4149630b-f75f-45db-9f91-57cc969b9bec,,,https://ualberta-dev.scholaris.ca/handle/123456789/1373
https://era.library.ualberta.ca/communities/435b5992-548c-4196-8d87-1b84404e9937,North Saskatchewan Watershed Alliance (NSWA),435b5992-548c-4196-8d87-1b84404e9937,,,https://ualberta-dev.scholaris.ca/handle/123456789/1375
https://era.library.ualberta.ca/communities/43f5d3bf-2534-4071-aac0-4abf4a453b0a,@Risk North 3,43f5d3bf-2534-4071-aac0-4abf4a453b0a,,,https://ualberta-dev.scholaris.ca/handle/123456789/1379
https://era.library.ualberta.ca/communities/47cd1f10-c1fa-43b0-9096-30cfaded13cb,"Physical Medicine and Rehabilitation, Division of",47cd1f10-c1fa-43b0-9096-30cfaded13cb,44558r376,uuid:ee72fb98-9fd3-44a2-bc68-82db95c7b256,https://ualberta-dev.scholaris.ca/handle/123456789/1381
https://era.library.ualberta.ca/communities/4828a0be-7afc-4b77-8438-d6b6086e7e0a,"History and Classics, Department of",4828a0be-7afc-4b77-8438-d6b6086e7e0a,44558r511,uuid:224323e4-615b-4aa5-8043-a3954680ca9c,https://ualberta-dev.scholaris.ca/handle/123456789/1383
https://era.library.ualberta.ca/communities/492e5332-a156-4e65-a950-de7ca2b3a97d,Institute of Health Economics,492e5332-a156-4e65-a950-de7ca2b3a97d,bqf85nb481,,https://ualberta-dev.scholaris.ca/handle/123456789/1387
https://era.library.ualberta.ca/communities/4aa9f31f-9e9f-4573-9c11-ddcef4595556,China Institute,4aa9f31f-9e9f-4573-9c11-ddcef4595556,44558r45w,uuid:e62852dc-71cd-492d-9f5e-f25fe6bbc769,https://ualberta-dev.scholaris.ca/handle/123456789/1396
https://era.library.ualberta.ca/communities/4ab5150d-2606-4a49-b400-2defbd6ce306,Documents of Contemporary War,4ab5150d-2606-4a49-b400-2defbd6ce306,,,https://ualberta-dev.scholaris.ca/handle/123456789/1400
https://era.library.ualberta.ca/communities/4c7c34af-8123-4ce0-9f64-5f8b995b31e1,"Obstetrics and Gynecology, Department of",4c7c34af-8123-4ce0-9f64-5f8b995b31e1,44558r00j,uuid:c4aebe77-2c5d-4590-b4e2-d4edd25db9d3,https://ualberta-dev.scholaris.ca/handle/123456789/1403
https://era.library.ualberta.ca/communities/4cda3911-0c3b-4e67-b7f1-9f9690c0e251,Digital Humanities Program,4cda3911-0c3b-4e67-b7f1-9f9690c0e251,b2227mp77t,,https://ualberta-dev.scholaris.ca/handle/123456789/1405
https://era.library.ualberta.ca/communities/4ff4c52e-79f5-40e3-8658-a4d049818963,Edmonton Mennonite Centre for Newcomers (EMCN),4ff4c52e-79f5-40e3-8658-a4d049818963,8049g811h,,https://ualberta-dev.scholaris.ca/handle/123456789/1408
https://era.library.ualberta.ca/communities/54b7e98d-fa48-4efb-911d-53abe52ebf60,Helmholtz-Alberta Initiative,54b7e98d-fa48-4efb-911d-53abe52ebf60,44558q965,uuid:308ec104-f623-40df-b468-174b86f37145,https://ualberta-dev.scholaris.ca/handle/123456789/1410
https://era.library.ualberta.ca/communities/554d073a-9931-470a-9f51-2bd884bd6a21,Edmonton Social Planning Council (ESPC),554d073a-9931-470a-9f51-2bd884bd6a21,44558r27z,uuid:ff62bfa7-3498-4063-bd21-079b26f8cdb0,https://ualberta-dev.scholaris.ca/handle/123456789/1412
https://era.library.ualberta.ca/communities/55bafdf5-db7f-48a8-a91e-69b8c01cc9fb,"Electrical and Computer Engineering, Department of",55bafdf5-db7f-48a8-a91e-69b8c01cc9fb,44558r091,uuid:c61827d5-7b9f-4f88-9d51-12aaf35e71fe,https://ualberta-dev.scholaris.ca/handle/123456789/1437
https://era.library.ualberta.ca/communities/560f321f-a8c7-4884-adb3-326433a61688,Geotechnical and Geoenvironmental Engineering Program,560f321f-a8c7-4884-adb3-326433a61688,44558r732,uuid:693132eb-0efb-4981-a477-57782e2bf1eb,https://ualberta-dev.scholaris.ca/handle/123456789/1441
https://era.library.ualberta.ca/communities/5a69bd79-86e9-4208-82d9-917c95873ed5,Canadian Circumpolar Institute,5a69bd79-86e9-4208-82d9-917c95873ed5,44558r43b,uuid:d04b3b74-211d-4939-9660-c390958fa2ee,https://ualberta-dev.scholaris.ca/handle/123456789/1445
https://era.library.ualberta.ca/communities/5ae7da36-f35d-4582-bd69-09cebad8bdf3,"Women's and Gender Studies (WGS), Department of",5ae7da36-f35d-4582-bd69-09cebad8bdf3,,,https://ualberta-dev.scholaris.ca/handle/123456789/1449
https://era.library.ualberta.ca/communities/66621697-6e89-48fb-8fd5-8d611b63887d,Integrative Health Institute (IHI),66621697-6e89-48fb-8fd5-8d611b63887d,44558r81r,uuid:76fa4e4e-7dcb-4393-a62d-cdd813e38221,https://ualberta-dev.scholaris.ca/handle/123456789/1452
https://era.library.ualberta.ca/communities/66c496dc-a1e0-4314-91fd-a6b4f0c43553,"Rehabilitation Medicine, Faculty of",66c496dc-a1e0-4314-91fd-a6b4f0c43553,44558r25d,uuid:b13c373c-ea65-456d-8b53-07bc741a91ea,https://ualberta-dev.scholaris.ca/handle/123456789/1455
https://era.library.ualberta.ca/communities/67527d49-7209-43fa-ae82-6b5062904ddd,School of Business,67527d49-7209-43fa-ae82-6b5062904ddd,44558r63t,uuid:2fb3a0f6-541d-45f2-a33e-a2863ac1b81d,https://ualberta-dev.scholaris.ca/handle/123456789/1460
https://era.library.ualberta.ca/communities/676294a0-53ff-43c8-a8e3-3669ae8efebf,University of Alberta Press,676294a0-53ff-43c8-a8e3-3669ae8efebf,,,https://ualberta-dev.scholaris.ca/handle/123456789/1465
https://era.library.ualberta.ca/communities/680db7d9-e196-408f-8ea2-243c545ccfa3,"Linguistics, Department of",680db7d9-e196-408f-8ea2-243c545ccfa3,44558r12b,uuid:c0bfebdd-634d-4f53-9b09-974c6287955e,https://ualberta-dev.scholaris.ca/handle/123456789/1469
https://era.library.ualberta.ca/communities/69760226-83c3-41a7-96d8-e2463c3d96a5,"Earth and Atmospheric Sciences, Department of",69760226-83c3-41a7-96d8-e2463c3d96a5,44558r84k,uuid:435dd230-2108-48fc-b727-e8937a5c1f11,https://ualberta-dev.scholaris.ca/handle/123456789/1471
https://era.library.ualberta.ca/communities/6a21c1d8-842d-40c7-81f3-e3e2b924a328,OER Alberta,6a21c1d8-842d-40c7-81f3-e3e2b924a328,vt150n01h,,https://ualberta-dev.scholaris.ca/handle/123456789/1480
https://era.library.ualberta.ca/communities/6e1fc8b1-5ddb-4b75-a11a-eb694bb40794,"Chemical and Materials Engineering, Department of",6e1fc8b1-5ddb-4b75-a11a-eb694bb40794,44558r62j,uuid:6f5a7b3c-eb39-43ca-add2-d61b4ed0909f,https://ualberta-dev.scholaris.ca/handle/123456789/1486
https://era.library.ualberta.ca/communities/73f5b893-0a07-459b-a0e8-af8c7c8af93b,Campus Saint-Jean,73f5b893-0a07-459b-a0e8-af8c7c8af93b,44558r287,uuid:f7924ff4-d568-471f-ac60-8981fa598657,https://ualberta-dev.scholaris.ca/handle/123456789/1488
https://era.library.ualberta.ca/communities/74009070-b92b-4c9c-9f04-4232e95cfdbc,Sustainable Forest Management Network,74009070-b92b-4c9c-9f04-4232e95cfdbc,44558r643,uuid:0342232d-1d83-4f4b-b961-a66af889d4ed,https://ualberta-dev.scholaris.ca/handle/123456789/1491
https://era.library.ualberta.ca/communities/793a35dd-be86-40b8-8366-f576ceb90293,Greek and Roman Past in the Long Second Century: The Intellectual Climate of Cassius Dio 2018 Conference,793a35dd-be86-40b8-8366-f576ceb90293,,,https://ualberta-dev.scholaris.ca/handle/123456789/1495
https://era.library.ualberta.ca/communities/7b60dfc0-a11e-4dec-97c0-a255d697d21b,"Biological Sciences, Department of",7b60dfc0-a11e-4dec-97c0-a255d697d21b,44558r14w,uuid:571e3f5a-3c3b-4a0b-a3fa-149fa8e3e76c,https://ualberta-dev.scholaris.ca/handle/123456789/1509
https://era.library.ualberta.ca/communities/7dd07970-6ba0-4ad4-bebd-9af5836290a4,"Biochemistry, Department of",7dd07970-6ba0-4ad4-bebd-9af5836290a4,,,https://ualberta-dev.scholaris.ca/handle/123456789/1511
https://era.library.ualberta.ca/communities/7ddebbf6-5685-4b7c-b075-3df6ec6987d7,Cahill Lab of Experimental Plant Ecology,7ddebbf6-5685-4b7c-b075-3df6ec6987d7,,,https://ualberta-dev.scholaris.ca/handle/123456789/1519
https://era.library.ualberta.ca/communities/81420852-41c5-4624-8b60-4188d702ded6,"CHLA/ABSC 2017 ANNUAL CONFERENCE:  Northern Illumination/ Lumières du Nord  -- May 16-19, 2017 --  Edmonton, Alberta.",81420852-41c5-4624-8b60-4188d702ded6,qf85nf23d,,https://ualberta-dev.scholaris.ca/handle/123456789/1522
https://era.library.ualberta.ca/communities/82c1f471-d1bb-4cc6-98a0-9684cd4bd53a,CCI Press,82c1f471-d1bb-4cc6-98a0-9684cd4bd53a,44558r76w,uuid:62f39002-a6ac-4980-b3ab-517f66be4119,https://ualberta-dev.scholaris.ca/handle/123456789/1524
https://era.library.ualberta.ca/communities/82ccd3cd-95c6-4c81-ae63-625e1ccb264f,PLACES Platform on Cities Engagement and Space,82ccd3cd-95c6-4c81-ae63-625e1ccb264f,bjs956f90s,,https://ualberta-dev.scholaris.ca/handle/123456789/1528
https://era.library.ualberta.ca/communities/83697e04-7ac2-45ce-93d8-47859c70cd44,"Medicine, Department of",83697e04-7ac2-45ce-93d8-47859c70cd44,44558r16f,uuid:f2848b27-ad1a-4114-869a-bb8f341076c2,https://ualberta-dev.scholaris.ca/handle/123456789/1530
https://era.library.ualberta.ca/communities/8437e2a0-60f5-4601-90c1-38c148768c8b,"Family Medicine, Department of",8437e2a0-60f5-4601-90c1-38c148768c8b,44558r618,uuid:204ebba4-2ddc-427e-b4a8-4ab85c13feee,https://ualberta-dev.scholaris.ca/handle/123456789/1533
https://era.library.ualberta.ca/communities/84e82477-4ff8-455f-bb95-6a1890d60949,"Educational Policy Studies, Department of",84e82477-4ff8-455f-bb95-6a1890d60949,,,https://ualberta-dev.scholaris.ca/handle/123456789/1536
https://era.library.ualberta.ca/communities/89825615-abc5-4fa8-bd55-d6288cff9cda,ERA General Collection,89825615-abc5-4fa8-bd55-d6288cff9cda,44558r13m,uuid:cc26f7c0-a8c1-4113-99fb-584540c5e98b,https://ualberta-dev.scholaris.ca/handle/123456789/1538
https://era.library.ualberta.ca/communities/8ab3a896-bbb7-40b7-9c76-4f19830e0c9d,Certificate in Computer Game Development,8ab3a896-bbb7-40b7-9c76-4f19830e0c9d,,,https://ualberta-dev.scholaris.ca/handle/123456789/1540
https://era.library.ualberta.ca/communities/8eecb737-9733-4319-bd57-f93665d7176d,Canadian Health Services and Policy Research Alliance (CHSPRA),8eecb737-9733-4319-bd57-f93665d7176d,,,https://ualberta-dev.scholaris.ca/handle/123456789/1543
https://era.library.ualberta.ca/communities/8f446adf-bae4-49f5-84b7-6195718ca844,Toolkit for Grant Success,8f446adf-bae4-49f5-84b7-6195718ca844,,,https://ualberta-dev.scholaris.ca/handle/123456789/1545
https://era.library.ualberta.ca/communities/8fb878c6-6720-4a8f-afa8-6358dab0201c,"Computing Science, Department of",8fb878c6-6720-4a8f-afa8-6358dab0201c,44558r201,uuid:78cb4c52-d943-4879-96f7-bdc4424620a8,https://ualberta-dev.scholaris.ca/handle/123456789/1547
https://era.library.ualberta.ca/communities/90b3539f-2198-4058-9786-5e3ccd9e671a,Campus Data Summit Series,90b3539f-2198-4058-9786-5e3ccd9e671a,44558r34c,uuid:d3d6ece8-30f5-4011-a7a1-f0602036b111,https://ualberta-dev.scholaris.ca/handle/123456789/1553
https://era.library.ualberta.ca/communities/923a7e44-c6c0-43c1-bf15-2e768ddfc3e1,"Political Science, Department of",923a7e44-c6c0-43c1-bf15-2e768ddfc3e1,44558r17q,uuid:af8d8624-b6f5-4869-b7fb-2ad591829378,https://ualberta-dev.scholaris.ca/handle/123456789/1559
https://era.library.ualberta.ca/communities/9370d399-0059-44fc-ab14-67b829ed2b00,Testing community,9370d399-0059-44fc-ab14-67b829ed2b00,,,https://ualberta-dev.scholaris.ca/handle/123456789/1562
https://era.library.ualberta.ca/communities/9af1a803-0230-41f9-a4d7-aac17ec98886,"Native Studies, Faculty of",9af1a803-0230-41f9-a4d7-aac17ec98886,,,https://ualberta-dev.scholaris.ca/handle/123456789/1567
https://era.library.ualberta.ca/communities/9e3a06c3-ae6a-4399-9a73-bd8849119898,"Science, Technology & Society (STS) Program",9e3a06c3-ae6a-4399-9a73-bd8849119898,,,https://ualberta-dev.scholaris.ca/handle/123456789/1570
https://era.library.ualberta.ca/communities/9f19a931-70d4-4d38-a069-635740e98a9f,"Economics, Department of",9f19a931-70d4-4d38-a069-635740e98a9f,44558r39r,uuid:7323404d-9efa-4883-bae6-a079ed0854c4,https://ualberta-dev.scholaris.ca/handle/123456789/1572
https://era.library.ualberta.ca/communities/9f2b0790-be52-4dd5-9f46-bd9f597fdb8a,"Biomedical Engineering, Department of",9f2b0790-be52-4dd5-9f46-bd9f597fdb8a,44558r707,uuid:5b04c891-e928-4ae2-9078-67496f6c7488,https://ualberta-dev.scholaris.ca/handle/123456789/1579
https://era.library.ualberta.ca/communities/a35f2407-33bb-416e-8251-f37fae92caa1,Equity Diversity Inclusion Community (EDI),a35f2407-33bb-416e-8251-f37fae92caa1,44558r72s,uuid:a7186baa-bf47-4bca-ad66-d9471eaa23d3,https://ualberta-dev.scholaris.ca/handle/123456789/1582
https://era.library.ualberta.ca/communities/a37ee66b-06e4-437b-be2d-8a420623a266,"Surgery, Department of",a37ee66b-06e4-437b-be2d-8a420623a266,44558r74b,uuid:c0897213-c68b-454b-b3da-0f709b45d717,https://ualberta-dev.scholaris.ca/handle/123456789/1586
https://era.library.ualberta.ca/communities/a4cc688d-c308-4ef5-a082-5e526b13227a,"Educational Psychology, Department of",a4cc688d-c308-4ef5-a082-5e526b13227a,44558r066,uuid:4c5cb805-91d6-4613-9149-5ceefa219e17,https://ualberta-dev.scholaris.ca/handle/123456789/1590
https://era.library.ualberta.ca/communities/a590dc0a-881d-45fc-b4aa-279a83c09dc1,Pan American Current Research On Fluid Inclusions Conference (PACROFI),a590dc0a-881d-45fc-b4aa-279a83c09dc1,,,https://ualberta-dev.scholaris.ca/handle/123456789/1596
https://era.library.ualberta.ca/communities/a6d53aff-84e0-4f4f-b479-6de4f1240995,"Resource Economics and Environmental Sociology, Department of",a6d53aff-84e0-4f4f-b479-6de4f1240995,44558r41s,uuid:2fed87e0-22a9-4489-8f30-42c08ed3bb30,https://ualberta-dev.scholaris.ca/handle/123456789/1598
https://era.library.ualberta.ca/communities/a7519817-7275-4467-9826-d9a4d34bf18c,University of Alberta Library,a7519817-7275-4467-9826-d9a4d34bf18c,44558r422,uuid:c2cbf979-e316-4a80-a43c-3852814bf307,https://ualberta-dev.scholaris.ca/handle/123456789/1606
https://era.library.ualberta.ca/communities/a9729809-1176-46ad-87e7-be7f2f0f6ac0,Research Impact Canada,a9729809-1176-46ad-87e7-be7f2f0f6ac0,,,https://ualberta-dev.scholaris.ca/handle/123456789/1620
https://era.library.ualberta.ca/communities/aaf9f13b-88a9-4b0e-91cf-0194df2e9278,"Renewable Resources, Department of",aaf9f13b-88a9-4b0e-91cf-0194df2e9278,44558r198,uuid:cab182aa-8755-4c87-a424-0ba4439b39dc,https://ualberta-dev.scholaris.ca/handle/123456789/1622
https://era.library.ualberta.ca/communities/ad0096cd-ee35-45e4-a669-5d61f4795d3d,Tracking Change,ad0096cd-ee35-45e4-a669-5d61f4795d3d,,,https://ualberta-dev.scholaris.ca/handle/123456789/1629
https://era.library.ualberta.ca/communities/af206a06-78d3-4c9b-a152-df982a221121,"Modern Languages and Cultural Studies, Department of",af206a06-78d3-4c9b-a152-df982a221121,44558r490,uuid:becb3554-f5fc-404f-a88d-acd72b18a48e,https://ualberta-dev.scholaris.ca/handle/123456789/1638
https://era.library.ualberta.ca/communities/b272150b-a674-4b76-92b8-f04da4adb5e1,"Nursing, Faculty of",b272150b-a674-4b76-92b8-f04da4adb5e1,44558r597,uuid:5cb782df-9d51-4e56-81c0-8ee4bb3cdc7d,https://ualberta-dev.scholaris.ca/handle/123456789/1644
https://era.library.ualberta.ca/communities/b41cdbfd-6af2-4a13-8ba6-59725565d445,University of Alberta Libraries Licensed Resources,b41cdbfd-6af2-4a13-8ba6-59725565d445,wh246v792,uuid:11274e20-0426-4e80-84f4-bef79dbd6633,https://ualberta-dev.scholaris.ca/handle/123456789/1653
https://era.library.ualberta.ca/communities/b8469872-8012-47c1-a630-96f0f5f26238,Augustana Campus,b8469872-8012-47c1-a630-96f0f5f26238,b37720c72s,,https://ualberta-dev.scholaris.ca/handle/123456789/1732
https://era.library.ualberta.ca/communities/b9bce94a-c976-43b0-853d-58b48797b3d1,School of Library and Information Studies,b9bce94a-c976-43b0-853d-58b48797b3d1,44558r69g,uuid:e8c2f402-16a6-414f-902a-6d05cf0cdd98,https://ualberta-dev.scholaris.ca/handle/123456789/1737
https://era.library.ualberta.ca/communities/bcdd5ed7-b74b-4947-891c-91f9c6499c8a,The Alberta Consortium for Motivation and Emotion (ACME),bcdd5ed7-b74b-4947-891c-91f9c6499c8a,,,https://ualberta-dev.scholaris.ca/handle/123456789/1746
https://era.library.ualberta.ca/communities/bd42b4f4-8717-47c3-b6f5-700d3d887ab6,Canadian Patient Safety Institute,bd42b4f4-8717-47c3-b6f5-700d3d887ab6,,,https://ualberta-dev.scholaris.ca/handle/123456789/1751
https://era.library.ualberta.ca/communities/bfb75d06-72cf-40c3-9560-6b8f599a4b05,Centre for Teaching and Learning (CTL),bfb75d06-72cf-40c3-9560-6b8f599a4b05,,,https://ualberta-dev.scholaris.ca/handle/123456789/1756
https://era.library.ualberta.ca/communities/c1a957c5-33ab-4464-a514-4e2e56d22d9a,"Emergency Medicine, Department of",c1a957c5-33ab-4464-a514-4e2e56d22d9a,44558q97f,uuid:911a333a-d2c3-4fbc-8e71-07832f653327,https://ualberta-dev.scholaris.ca/handle/123456789/1761
https://era.library.ualberta.ca/communities/c38750c9-823e-4de9-a981-33ed17bc8da1,Writing Stick 2017,c38750c9-823e-4de9-a981-33ed17bc8da1,bz60d020f,,https://ualberta-dev.scholaris.ca/handle/123456789/1763
https://era.library.ualberta.ca/communities/c6ae5815-1caa-4ce4-8b81-f65cc8c07316,Roy Berg Kinsella Research Ranch,c6ae5815-1caa-4ce4-8b81-f65cc8c07316,b8623hx73s,,https://ualberta-dev.scholaris.ca/handle/123456789/1765
https://era.library.ualberta.ca/communities/c6c73bf5-eb71-4d42-9673-cd52d1719654,InSciTE & Science 100,c6c73bf5-eb71-4d42-9673-cd52d1719654,44558r38g,uuid:c1f1baa4-fd6b-471d-8a2f-be6e275fc4d0,https://ualberta-dev.scholaris.ca/handle/123456789/1767
https://era.library.ualberta.ca/communities/c6e9f819-6485-44ed-ade3-ec13296574f3,University of Alberta Celebration of Research and Innovation,c6e9f819-6485-44ed-ade3-ec13296574f3,44558r554,uuid:096ec8ee-3946-493d-8b42-0bc03f238552,https://ualberta-dev.scholaris.ca/handle/123456789/1770
https://era.library.ualberta.ca/communities/c8c6b406-4c04-47be-a0bd-b7ff7244f9ee,"Physics, Department of",c8c6b406-4c04-47be-a0bd-b7ff7244f9ee,bk643b132z,,https://ualberta-dev.scholaris.ca/handle/123456789/1772
https://era.library.ualberta.ca/communities/cad320a6-f29b-46eb-a357-42f9f89ac507,Supporting Indigenous Language Revitalization,cad320a6-f29b-46eb-a357-42f9f89ac507,,,https://ualberta-dev.scholaris.ca/handle/123456789/1776
https://era.library.ualberta.ca/communities/cc50c570-ea2d-4a31-8c6c-507df717540e,Comparative Literature,cc50c570-ea2d-4a31-8c6c-507df717540e,44558r180,uuid:0deb2bcb-9e96-43d6-a7c6-2eb487cf2ffc,https://ualberta-dev.scholaris.ca/handle/123456789/1778
https://era.library.ualberta.ca/communities/cdc7ee32-ff6d-4bf6-8b38-f6d0e9367b3a,Opening Up Copyright (OUC),cdc7ee32-ff6d-4bf6-8b38-f6d0e9367b3a,,,https://ualberta-dev.scholaris.ca/handle/123456789/1781
https://era.library.ualberta.ca/communities/cfcfda87-086e-4d6b-acc4-86cec0b6f628,"Civil and Environmental Engineering, Department of",cfcfda87-086e-4d6b-acc4-86cec0b6f628,44558r465,uuid:9d4b988b-10d8-487b-8a4e-44bc9541191b,https://ualberta-dev.scholaris.ca/handle/123456789/1784
https://era.library.ualberta.ca/communities/d014ac74-9b10-454c-9ff4-02d30746e25f,Politics of Libraries Conference,d014ac74-9b10-454c-9ff4-02d30746e25f,,,https://ualberta-dev.scholaris.ca/handle/123456789/1789
https://era.library.ualberta.ca/communities/d11a1aa0-0f13-41c1-9357-31f5322833e5,"Kinesiology, Sport, and Recreation, Faculty of",d11a1aa0-0f13-41c1-9357-31f5322833e5,44558q990,uuid:0146699b-6883-4a10-991f-f4ce17b3897d,https://ualberta-dev.scholaris.ca/handle/123456789/1791
https://era.library.ualberta.ca/communities/d1640714-da95-4963-9242-68065fece5f4,ACCES Research Group,d1640714-da95-4963-9242-68065fece5f4,44558r05x,uuid:ac609faf-33e4-448a-a7fe-f363dab751f3,https://ualberta-dev.scholaris.ca/handle/123456789/1796
https://era.library.ualberta.ca/communities/d1d8daa4-1906-482b-8d2d-a2475529f555,WILU 2017,d1d8daa4-1906-482b-8d2d-a2475529f555,b7h149q01f,,https://ualberta-dev.scholaris.ca/handle/123456789/1798
https://era.library.ualberta.ca/communities/d3eb0213-8790-496a-bc99-271df6f80c03,PigGen Canada,d3eb0213-8790-496a-bc99-271df6f80c03,,,https://ualberta-dev.scholaris.ca/handle/123456789/1803
https://era.library.ualberta.ca/communities/d67d3881-47d5-4e73-9b61-99e44e4c9114,Institute of Prairie and Indigenous Archaeology,d67d3881-47d5-4e73-9b61-99e44e4c9114,,,https://ualberta-dev.scholaris.ca/handle/123456789/1805
https://era.library.ualberta.ca/communities/d75ac59b-ca77-47a5-9415-aa459ce9db36,"University of Alberta ""Omics"" Conference",d75ac59b-ca77-47a5-9415-aa459ce9db36,44558r53k,uuid:b1ccb4ff-7343-4c54-be8e-a90ce762a65f,https://ualberta-dev.scholaris.ca/handle/123456789/1807
https://era.library.ualberta.ca/communities/d844d15c-09bf-4380-822b-2c52a26ba93c,Concordia University of Edmonton,d844d15c-09bf-4380-822b-2c52a26ba93c,,,https://ualberta-dev.scholaris.ca/handle/123456789/1809
https://era.library.ualberta.ca/communities/d85ab379-7a23-4569-a7c6-e10cf3d22780,"Chemistry, Department of",d85ab379-7a23-4569-a7c6-e10cf3d22780,44558r65c,uuid:c8597ad7-bdb2-4080-a0e5-5be9c571ceb4,https://ualberta-dev.scholaris.ca/handle/123456789/1819
https://era.library.ualberta.ca/communities/d9253112-d9df-47ce-b839-747661335695,Histories of Humanities Computing,d9253112-d9df-47ce-b839-747661335695,44558r333,uuid:ee2e7e6f-0956-47ef-bea1-88bc8dc52283,https://ualberta-dev.scholaris.ca/handle/123456789/1822
https://era.library.ualberta.ca/communities/db83e5e6-729b-4dd0-8014-d5c288300426,Communications and Technology Graduate Program,db83e5e6-729b-4dd0-8014-d5c288300426,44558r01t,uuid:c689f037-10ea-4c15-8582-6d4f2fef9847,https://ualberta-dev.scholaris.ca/handle/123456789/1824
https://era.library.ualberta.ca/communities/db9a4e71-f809-4385-a274-048f28eb6814,"Graduate and Postdoctoral Studies (GPS), Faculty of",db9a4e71-f809-4385-a274-048f28eb6814,44558r66n,uuid:39331f1f-769d-4c2a-a103-416c285d01fc,https://ualberta-dev.scholaris.ca/handle/123456789/1829
https://era.library.ualberta.ca/communities/dc1bf7d9-701c-4e46-8637-91854194c1a7,Academic Writing Resources and Research,dc1bf7d9-701c-4e46-8637-91854194c1a7,bng451h68g,,https://ualberta-dev.scholaris.ca/handle/123456789/1831
https://era.library.ualberta.ca/communities/dcece9e1-4420-4743-ba8e-b1d74de7fae8,Alberta Heritage Foundation for Medical Research (AHFMR),dcece9e1-4420-4743-ba8e-b1d74de7fae8,bxp68kg423,,https://ualberta-dev.scholaris.ca/handle/123456789/1833
https://era.library.ualberta.ca/communities/ddb5be0f-f911-4387-ac39-cda724ce0953,Information for All Programme (IFAP),ddb5be0f-f911-4387-ac39-cda724ce0953,,,https://ualberta-dev.scholaris.ca/handle/123456789/1836
https://era.library.ualberta.ca/communities/e06d8668-5460-47ba-a842-ba7aa1ec4021,"Mathematical and Statistical Sciences, Department of",e06d8668-5460-47ba-a842-ba7aa1ec4021,44558r07g,uuid:ffdd2762-3ba4-4b0b-8e68-4ca9a229e87a,https://ualberta-dev.scholaris.ca/handle/123456789/1838
https://era.library.ualberta.ca/communities/e14a6354-b557-4a15-8e99-70ad237be121,Images of Research Competition,e14a6354-b557-4a15-8e99-70ad237be121,gm80hz130,,https://ualberta-dev.scholaris.ca/handle/123456789/1840
https://era.library.ualberta.ca/communities/e172cce1-58f9-4759-b6c1-e6df2480601b,"Pediatrics, Department of",e172cce1-58f9-4759-b6c1-e6df2480601b,44558r112,uuid:4d34e5e0-b796-4f8c-b976-11906ef74b88,https://ualberta-dev.scholaris.ca/handle/123456789/1849
https://era.library.ualberta.ca/communities/e27fa3ab-71c7-4258-b929-eeeaf51256af,Presentations and Resources about OER,e27fa3ab-71c7-4258-b929-eeeaf51256af,bj6731393w,,https://ualberta-dev.scholaris.ca/handle/123456789/1857
https://era.library.ualberta.ca/communities/e29628c4-d610-4ab7-9946-1db05d915f66,University of Alberta Copyright Office,e29628c4-d610-4ab7-9946-1db05d915f66,s4655k47n,,https://ualberta-dev.scholaris.ca/handle/123456789/1859
https://era.library.ualberta.ca/communities/e4bfca1e-73b7-4f62-a2e1-5f9591b97e99,The NSERC TRIA Network (TRIA-Net),e4bfca1e-73b7-4f62-a2e1-5f9591b97e99,gq67jt759,,https://ualberta-dev.scholaris.ca/handle/123456789/1870
https://era.library.ualberta.ca/communities/e4fdd15f-c21d-4612-a2f7-bfec3fdfc1de,Oil Sands Research and Information Network (OSRIN),e4fdd15f-c21d-4612-a2f7-bfec3fdfc1de,44558r85v,uuid:81b7dcc7-78f7-4adf-a703-6688b82090f5,https://ualberta-dev.scholaris.ca/handle/123456789/1872
https://era.library.ualberta.ca/communities/e9621d08-f77d-48f9-929a-1aced255364e,Polar Libraries Colloquy,e9621d08-f77d-48f9-929a-1aced255364e,,,https://ualberta-dev.scholaris.ca/handle/123456789/1882
https://era.library.ualberta.ca/communities/e9e07d1c-dcaa-449b-8bdc-13b3f51a7a1c,Women and Children's Health Research Institute,e9e07d1c-dcaa-449b-8bdc-13b3f51a7a1c,44558r775,uuid:9221ed87-0f0a-41ed-8199-983a571ea3ca,https://ualberta-dev.scholaris.ca/handle/123456789/1884
https://era.library.ualberta.ca/communities/ec2674fb-bb6a-47bb-8d47-c29c40e98bb1,WorkSpace Canada Project,ec2674fb-bb6a-47bb-8d47-c29c40e98bb1,,,https://ualberta-dev.scholaris.ca/handle/123456789/1889
https://era.library.ualberta.ca/communities/ecc140b9-8c72-485c-b10f-87eb8989e727,"Psychiatry, Department of",ecc140b9-8c72-485c-b10f-87eb8989e727,44558r40h,uuid:cff84f5e-96fb-4d10-a560-61e1861f51aa,https://ualberta-dev.scholaris.ca/handle/123456789/1891
https://era.library.ualberta.ca/communities/eee45969-753c-4b1d-a20f-c126f57916e9,"Art and Design, Department of",eee45969-753c-4b1d-a20f-c126f57916e9,44558r529,uuid:f42d7864-58df-430e-9e52-9d0f1100e39b,https://ualberta-dev.scholaris.ca/handle/123456789/1893
https://era.library.ualberta.ca/communities/efa945f3-c833-420e-b8cc-1f6197609229,"Agricultural, Life, and Environmental Sciences, Faculty of",efa945f3-c833-420e-b8cc-1f6197609229,44558r75m,uuid:caad24a4-f5c8-470b-a342-516f6cf33ac6,https://ualberta-dev.scholaris.ca/handle/123456789/1899
https://era.library.ualberta.ca/communities/f2ad1980-7164-4e76-a9c3-57b074f5c948,School of Public Health,f2ad1980-7164-4e76-a9c3-57b074f5c948,44558r308,uuid:85bf5c6e-e252-487a-ab98-8c5b20dfffbf,https://ualberta-dev.scholaris.ca/handle/123456789/1904
https://era.library.ualberta.ca/communities/f4f394ae-51c2-4321-8de5-89f3b00b72fc,Shevchenko Scientific Society of Canada,f4f394ae-51c2-4321-8de5-89f3b00b72fc,hm50tv57q,,https://ualberta-dev.scholaris.ca/handle/123456789/1913
https://era.library.ualberta.ca/communities/f7766168-d234-491a-b27c-2c4a5eecbc99,"Medicine and Dentistry, Faculty of",f7766168-d234-491a-b27c-2c4a5eecbc99,44558r10s,uuid:b496aebe-1e5a-4a23-8492-9bbd382367de,https://ualberta-dev.scholaris.ca/handle/123456789/1915
https://era.library.ualberta.ca/communities/f881612c-0ede-411d-a55b-6eccbfed707a,Western Centre for Economic Research,f881612c-0ede-411d-a55b-6eccbfed707a,44558r71h,uuid:a4419cb7-0c6f-48c2-baba-dee7670afc70,https://ualberta-dev.scholaris.ca/handle/123456789/1928
https://era.library.ualberta.ca/communities/fb40c182-4da5-4f4b-af54-d311ba0df7be,WISEST Summer Research Program,fb40c182-4da5-4f4b-af54-d311ba0df7be,44558r54v,uuid:42a6ab0f-e320-47ba-baf9-781017547980,https://ualberta-dev.scholaris.ca/handle/123456789/1932
https://era.library.ualberta.ca/communities/fbf6bf07-32be-49da-9707-1d443bbd851c,"Mechanical Engineering, Department of",fbf6bf07-32be-49da-9707-1d443bbd851c,44558r08r,uuid:953854de-3dbe-4608-9618-9edb167201b4,https://ualberta-dev.scholaris.ca/handle/123456789/1934
https://era.library.ualberta.ca/communities/fd063c06-fb5c-42e3-9d9e-47af77088a46,Railway Ground Hazards Research Project (RGHRP),fd063c06-fb5c-42e3-9d9e-47af77088a46,,,https://ualberta-dev.scholaris.ca/handle/123456789/1938
https://era.library.ualberta.ca/communities/fed9de2f-df9b-4b85-8718-78a5a7efd8e1,Religious Studies Program,fed9de2f-df9b-4b85-8718-78a5a7efd8e1,44558r67x,uuid:54d6542a-0a2c-488e-8ca5-5c355e2b7472,https://ualberta-dev.scholaris.ca/handle/123456789/1941
https://era.library.ualberta.ca/communities/ff4dbdc9-4100-4254-82df-02e81c5b155a,Joel Martin Halpern Image Archive,ff4dbdc9-4100-4254-82df-02e81c5b155a,44558r04n,uuid:fabad4e3-0f6e-4368-bb80-0a110d72c0e9,https://ualberta-dev.scholaris.ca/handle/123456789/1946